,name,yieldRate,excessYieldRate,openingTimes,closingTimes,ATF,HTF,TF,slope,intercept,std
0,2023-02-01,-0.02982751,0.09463248,3,2,2177.60,17655.36,19832.96,0.25098409629941987,2.7624375063521995,0.01911629496110802
