,name,yieldRate,excessYieldRate,openingTimes,closingTimes,ATF,HTF,TF,slope,intercept,std
0,2023-02-01,-0.03552779,0.08893220000000002,1,0,591.59,7025.99,7617.58,0.25098409629941987,2.7624375063521995,0.01911629496110802
