,name,yieldRate,excessYieldRate,openingTimes,closingTimes,ATF,HTF,TF,slope,intercept,std
0,2022-09-01,0.05175891,-0.15341731,1,0,1393.05,7633.08,9026.13,0.372264572494508,1.1872095584721891,0.05828817186263519
