,name,yieldRate,excessYieldRate,openingTimes,closingTimes,ATF,HTF,TF,slope,intercept,std
0,2022-09-01,0.0217558,-0.18342042,2,1,2039.18,12362.66,14401.84,0.372264572494508,1.1872095584721891,0.05828817186263519
