,tf,tt,annualYieldRate,annualExcessYieldRate,MonthlyYieldRate,MonthlyExcessYieldRate,annualYieldRate(non-compounding),annualExcessYieldRate(non-compounding),originalYieldRate,originalYieldExcessYieldRate,openingTimes,closingTimes,ATF,HTF,TF,SharpeRate(annual),SharpeRate(original)
0,1,1,1.099533657419169,1.658469351259635,0.01082988211922638,0.01071256708230001,0.12995858543071656,0.12855080498760013,0.01082988211922638,0.01071256708230001,1.4244521746024694,0.5758072107238396,1381.059118112321,6811.526700652657,8192.585818764977,0.35572286550770416,0.35743642931072395
1,1,2,0.07144259516109608,0.06557844336093599,0.005939649695752982,0.004351391921075776,0.07127579634903577,0.05221670305290931,0.011879299391505964,0.008702783842151552,1.5044249591708425,0.6598714125608742,1381.399822278072,6946.7335116259965,8328.133333904068,0.529931036378029,0.3523815487161059
2,2,1,0.5544766152651939,0.9497469675058995,0.002134606359326506,-0.002220695653961722,0.02561527631191808,-0.026648347847540665,0.002134606359326506,-0.002220695653961722,1.285830412353266,0.4338556180466894,1355.8954931547069,6620.807346853094,7976.702840007801,0.3023023313237506,0.09442055517146244
3,2,2,0.04933601162546564,0.03860194017916253,0.0031978413736414384,-0.00018634358110590022,0.03837409648369726,-0.0022361229732707974,0.006395682747282877,-0.00037268716221180043,1.451573754180515,0.5924529133829258,1463.9223594654773,7234.597899810105,8698.520259275581,0.4360350289948265,0.22521714616249547
