,name,yieldRate,excessYieldRate,openingTimes,closingTimes,ATF,HTF,TF,slope,intercept,std
0,2023-02-01,-0.11100798,0.01345201,2,1,470.48,6955.10,7425.58,0.25098409629941987,2.7624375063521995,0.01911629496110802
