,tf,tt,annualYieldRate,annualExcessYieldRate,MonthlyYieldRate,MonthlyExcessYieldRate,annualYieldRate(non-compounding),annualExcessYieldRate(non-compounding),originalYieldRate,originalYieldExcessYieldRate,openingTimes,closingTimes,ATF,HTF,TF,SharpeRate(annual),SharpeRate(original)
0,1,1,0.549644704325986,0.14989889123389333,-0.00021368895544646266,0.0004686879722531608,-0.0025642674653575557,0.00562425566703793,-0.00021368895544646266,0.0004686879722531608,1.2347164684041854,0.43836136279024546,315.5681850083228,3188.4409445553956,3504.009129563719,2.48870569033695,-0.0320350418319868
1,1,2,0.02698729333503414,0.008573817348963784,0.00021302364906186996,0.00020787119159547895,0.00255628378874244,0.0024944542991457465,0.0004260472981237399,0.0004157423831909579,1.263059056304178,0.467183466337291,318.6230365764663,3226.322483194202,3544.945519770669,0.9386520278443073,0.05352730125786437
2,2,1,1.6427705102314816,0.2777609289531822,0.0006998841885315704,0.0018577275182596264,0.008398610262378847,0.022292730219115525,0.0006998841885315704,0.0018577275182596264,1.2410243039132733,0.38466930206352795,316.55761779189334,3124.265784005511,3440.8234017974046,3.767271671835173,0.06735579709049164
3,2,2,0.03573914360357083,0.01435909883881163,-0.00021605724952859605,0.0007412537429758338,-0.002592686994343152,0.008895044915710006,-0.0004321144990571921,0.0014825074859516677,1.3203897362320036,0.4627244062339177,326.0904420751565,3235.3489161196176,3561.4393581947743,0.9242945449553132,-0.03783725555728849
