,name,yieldRate,excessYieldRate,openingTimes,closingTimes,ATF,HTF,TF,slope,intercept,std
0,2023-02-01,-0.11896043,0.0054995600000000006,3,2,507.14,7222.64,7729.78,0.25098409629941987,2.7624375063521995,0.01911629496110802
