,name,yieldRate,excessYieldRate,openingTimes,closingTimes,ATF,HTF,TF,slope,intercept,std
0,2023-02-01,-0.11091818,0.013541810000000001,2,1,147.99,3753.34,3901.33,0.25098409629941987,2.7624375063521995,0.01911629496110802
