,tf,tt,annualYieldRate,annualExcessYieldRate,MonthlyYieldRate,MonthlyExcessYieldRate,annualYieldRate(non-compounding),annualExcessYieldRate(non-compounding),originalYieldRate,originalYieldExcessYieldRate,openingTimes,closingTimes,ATF,HTF,TF,SharpeRate(annual),SharpeRate(original)
0,1,1,0.828559577965706,0.1439266826614259,0.005735283159276519,0.0017872404248017511,0.06882339791131824,0.021446885097621018,0.005735283159276519,0.0017872404248017511,1.001064791798176,0.23110391749958334,320.9637141007828,2461.6145102540786,2782.5782243548615,4.161663411375349,0.624662869969512
1,1,2,0.06461221773505738,0.0122643864451607,0.00527731702167089,0.0008840182237171656,0.06332780426005069,0.010608218684605989,0.01055463404334178,0.0017680364474343313,1.0598673228738662,0.287015916533013,325.5638733247697,2529.364418474275,2854.928291799045,1.8468214186801903,0.9985292982672386
2,2,1,1.0339348493530816,0.09898008980626825,0.006373613428902315,-0.0029586605196401257,0.07648336114682777,-0.03550392623568151,0.006373613428902315,-0.0029586605196401257,1.034772394786023,0.23263129703291974,329.9060274423183,2543.78997947823,2873.6960069205484,7.546469420441652,0.8749425358486719
3,2,2,0.1024305301383749,0.008268298872371706,0.007564321719378645,-0.0005539452839217312,0.09077186063254374,-0.00664734340706077,0.01512864343875729,-0.0011078905678434624,1.0924365328820116,0.28703270810003734,336.32231501217376,2597.9209559582564,2934.2432709704303,2.3647505080163067,1.280969802659004
