,name,yieldRate,excessYieldRate,openingTimes,closingTimes,ATF,HTF,TF,slope,intercept,std
0,2023-02-01,-0.10026925,0.024190740000000002,1,0,142.99,3697.24,3840.23,0.25098409629941987,2.7624375063521995,0.01911629496110802
