,name,yieldRate,excessYieldRate,openingTimes,closingTimes,ATF,HTF,TF,slope,intercept,std
0,2022-09-01,0.13848274,-0.06669348,1,0,403.45,2299.08,2702.53,0.372264572494508,1.1872095584721891,0.05828817186263519
