,tf,tt,annualYieldRate,annualExcessYieldRate,MonthlyYieldRate,MonthlyExcessYieldRate,annualYieldRate(non-compounding),annualExcessYieldRate(non-compounding),originalYieldRate,originalYieldExcessYieldRate,openingTimes,closingTimes,ATF,HTF,TF,SharpeRate(annual),SharpeRate(original)
0,1,1,0.6874325172618055,0.12055201082254323,0.005129628267009626,0.0011815855325348567,0.06155553920411551,0.014179026390418277,0.005129628267009626,0.0011815855325348567,0.7972496948333332,0.10245965867841705,299.1656764105139,2231.511199287592,2530.676875698106,5.456802325019786,0.907717514558913
1,1,2,0.06272389278698154,0.011995362654630543,0.005334749521268325,0.0009414507233146006,0.06401699425521991,0.01129740867977521,0.01066949904253665,0.0018829014466292013,0.8342120276981426,0.12833511670089415,302.4514776876049,2283.51721023741,2585.9686879250144,2.541840517762922,1.4453023754433627
2,2,1,0.8244421084374849,0.05451712804907893,0.005934923539573008,-0.003397350408969431,0.07121908247487607,-0.04076820490763317,0.005934923539573008,-0.003397350408969431,0.8408154366762379,0.09947275246305419,306.8630460518553,2266.8832293486194,2573.746275400475,8.189794442260702,1.2258065601948556
3,2,2,0.08755363158276187,-0.0011390860866000141,0.006838071270902678,-0.0012801957323976976,0.08205685525083213,-0.015362348788772375,0.013676142541805356,-0.0025603914647953953,0.8868803499015916,0.13396115939631478,312.76965372216705,2314.253615603756,2627.023269325923,3.136048436385747,1.5917769626770286
