,name,yieldRate,excessYieldRate,openingTimes,closingTimes,ATF,HTF,TF,slope,intercept,std
0,2022-09-01,0.18022221,-0.02495401,2,1,569.01,3668.44,4237.45,0.372264572494508,1.1872095584721891,0.05828817186263519
