,name,yieldRate,excessYieldRate,openingTimes,closingTimes,ATF,HTF,TF,slope,intercept,std
0,2023-02-01,-0.11082338,0.013636610000000007,1,0,142.99,3663.54,3806.53,0.25098409629941987,2.7624375063521995,0.01911629496110802
