,name,yieldRate,excessYieldRate,openingTimes,closingTimes,ATF,HTF,TF,slope,intercept,std
0,2023-02-01,-0.05559411,0.06886588,1,0,583.29,6865.41,7448.70,0.25098409629941987,2.7624375063521995,0.01911629496110802
